"firm","labeler_code"
"ABBVIE","00032"
"AZURITY","24338"
"SANDOZ","00185"
"MYLAN","00378"
"ORGANON LLC","78206"
"FABRE KRAMER","83504"
"SPECGX LLC","00406"
"IBSA","71858"
"PURDUE PHARMA LP","59011"
"HALEON US HOLDINGS","00031"
"CELGENE","59572"
"ORGANON","78206"
"NOVARTIS","00078"
"LIEBEL-FLARSHEIM","00019"
"ALLERGAN","00023"
"ASTRAZENECA","00186"
"SHIONOGI INC","59630"
"CUMBERLAND","66220"
"AKORN INC","50383"
"UCB INC","00131"
"PURDUE PHARMA","59011"
"BOEHRINGER INGELHEIM","00597"
"SANTARUS INC","68012"
"COSETTE","00713"
"ALMIRALL","16110"
"FERRING","55566"
"KENVUE BRANDS","16837"
"SALIX","65649"
"SANTARUS","68012"
"BIONPHARMA","69452"
"HARROW EYE","82667"
"NOVO NORDISK","00169"
"BAYER HEALTHCARE LLC","00026"
"ALKERMES","65757"
"EISAI INC","62856"
"CURRAX","42847"
"GILEAD SCIENCES","55135"
"CEPHALON","63459"
"MERCK SHARP DOHME","00006"
"NOVO NORDISK INC","00169"
"VIATRIS SPECIALTY","00037"
"GLAXOSMITHKLINE LLC","00173"
"PADAGIS US","00574"
"JANSSEN LP","50458"
"GE HEALTHCARE","00407"
"KYOWA KIRIN","42747"
"DIGESTIVE CARE INC","59767"
"THEA PHARMA","82584"
"HOSPIRA INC","00409"
"JAZZ","68727"
"MERZ","00259"
"HILL DERMACEUTICALS","28105"
"ABBVIE INC","00032"
"CHARTWELL RX","62135"
"GENZYME","58468"
"APOTEX INC","60505"
"GLAXOSMITHKLINE","00173"
"AVERITAS","72512"
"GENZYME CORP","58468"
"CIPHER","84635"
"INDIVIOR","12496"
"VERITY","74676"
"MEITHEAL","71288"
"ACROTECH BIOPHARMA","72893"
"ELI LILLY AND CO","00002"
"THERATECHNOLOGIES","62064"
"VIVUS INC","62541"
"FRESENIUS KABI USA","63323"
"ALMATICA","52427"
"EMD SERONO INC","44087"
"MAYNE PHARMA","50261"
"GLAUKOS","25357"
"GILEAD SCIENCES INC","55135"
"VIVUS LLC","62541"
"LANNETT","00527"
"ACELLA","42192"
"NEXUS","14789"
"MIKART","46672"
"GENUS LIFESCIENCES","64950"
"THEPHARMANETWORK LLC","53097"
"PAI HOLDINGS","00121"
"HOSPIRA","00409"
"QUAGEN","70752"
"LANNETT CO INC","00527"
"EPIC PHARMA LLC","42806"
"LEADING","69315"
"KVK TECH","10702"
"WOCKHARDT USA","64679"
"APOTEX","60505"
"STRIDES PHARMA","42543"
"SEPTODONT INC","00362"
"SANDOZ INC","00185"
"LUPIN","27437"
"LUPIN LTD","27437"
"APOTEX CORP","60505"
"ALMAJECT","72611"
"CONTRACT PHARMACAL","10267"
"MYLAN INSTITUTIONAL","42292"
"ZO SKIN HEALTH","42851"
"NEPHRON","00487"
"PRECISION DOSE","68094"
"EPIC PHARMA","42806"
"L PERRIGO CO","00113"
"PADAGIS ISRAEL","45802"
"SLATE RUN PHARMA","70436"
"AMNEAL","60846"
"SEPTODONT","00362"
"APNAR PHARMA LP","24689"
"APPCO","55801"
"RITEDOSE CORP","76204"
"BIOCON PHARMA","70377"
"NATCO PHARMA USA","69339"
"PURE SOURCE","65121"
"ANTARES PHARMA INC","18657"
"USWM","78670"
"NAVINTA LLC","68475"
"REYOUNG","82647"
"MISSION PHARMACAL","00178"
"XIROMED","70700"
"TOLMAR","62935"
"GRANULES INDIA","62207"
"ALVOGEN","47781"
"VISTAPHARM LLC","66689"
"GENBIOPRO","43393"
"CARNEGIE","80005"
"AMGEN","55513"
"GENENTECH","00004"
"KINIKSA PHARMACEUTICALS (UK), LTD.","73604"
"BTG INTERNATIONAL INC","50633"
"REGENERON PHARMACEUTICALS","61755"
"JANSSEN BIOTECH","57894"
"RECORDATI RARE DISEASES, INC.","52276"
"ELUSYS THERAPEUTICS INC","69604"
"AMGEN INC","55513"
"NALPROPION","51267"
"ENCUBE ETHICALS","21922"
"AUROLIFE PHARMA LLC","13107"
"KALEO INC","60842"
"DELCATH SYSTEMS INC","75833"
"ALIMERA SCIENCES INC","68611"
"VISTAPHARM","66689"
"YAOPHARMA CO LTD","50771"
"NEXTWAVE","24478"
"B BRAUN MEDICAL","00264"
"INCYTE CORP","50881"
"BELCHER","62250"
"ACTAVIS INC","00228"
"MEDEFIL INC","64253"
"VERO BIOTECH INC","72385"
"COLGATE-PALMOLIVE CO","35000"
"KVK TECH INC","10702"
"PARAGON BIOTECK","42702"
"ACTAVIS","00228"
"PLX PHARMA","73089"
"ACTAVIS LLC","00228"
"EXELIXIS","42388"
"CARDINAL HEALTH 414","65857"
"BIOGEN INC","59627"
"TIANJIN TIANYAO","57582"
"OREXO US INC","54123"
"PRECISION NUCLEAR","52768"
"PHARMASCIENCE INC","51817"
"ASTRAZENECA LP","00186"
"PATRIN","39328"
"BARADAINA LLC","53020"
"BPI LABS","54288"
"ORIENT PHARMA CO LTD","76333"
"RAYNER SURGICAL","82604"
"ACERUS","42667"
"BENUVIA OPERATIONS","78613"
"PHARMACYCLICS LLC","57962"
"MAYNE PHARMA INC","50261"
"MIRUM","79378"
"MEDEXUS","59137"
"PURITY CYLINDER GASES, INC","10927"
"NORCO INC","42602"
"WESTAIR GASES & EQUIPMENT INC","53440"
"AIRGAS USA LLC","11054"
"OXARC INC","34057"
"NEXAIR","12213"
"AIR PRODUCTS AND CHEMICALS INC","10018"
"MATHESON TRI-GAS INC","55037"
"UNITED STATES WELDING INC","54218"
"NITROUS OXIDE CORP","54260"
"NITROUS OXIDE OF CANADA","72343"
"SAVIOR LIFETEC CORP","44647"
"CELGENE CORP","59572"
"GENENTECH INC","00004"
"CARLSBAD TECHNOLOGY","61442"
"DAIICHI SANKYO INC","65597"
"MAINPOINTE","71269"
"BIOCRYST","72769"
"BIOCODEX SA","68418"
"CEE KAY SUPPLY","10218"
"RELIANT HOLDINGS LTD","65707"
"PRECISION DOSE INC","68094"
"LABORATORIOS GRIFOLS","76297"
"MEDLINE INDUSTRIES","53329"
"BIOCON LTD","70377"
"ALK ABELLO","00268"
"BIOFRONTERA","70621"
"LACER PHARMA","73159"
"EVOFEM INC","69751"
"SIGA TECHNOLOGIES","50072"
"STERIMAX","21586"
"EXELIXIS INC","42388"
"SOBI","72482"
"OCULAR THERAPEUTIX","70382"
"CENTRAL WELDING SUPPLY","70151"
"NEXAIR LLC","12213"
"MCGUFF","67157"
"GUARDIAN DRUG","53041"
"INTERSECT ENT INC","10599"
"EVOKE PHARMA INC","72089"
"EXELTIS USA INC","00642"
"CYCLE","70709"
"ACACIA","71390"
"THE J MOLNER","83148"
"HAINAN POLY PHARM","14335"
"SCPHARMACEUTICALS","71767"
"SAGENT","25021"
"BRAEBURN","58284"
"AUCTA","73289"
"ATHEM","73152"
"UBI","72843"
"AKARX INC","71369"
"ORYZA","72516"
"CIPLA USA","69097"
"ARRAY BIOPHARMA INC","70255"
"ETON","71863"
"IONETIX","71162"
"MISEMER","00276"
"TREVENA","71308"
"E5 PHARMA INC","13517"
"CIVICA","72572"
"SERVIER","72694"
"AGNITIO","72134"
"NEURELIS INC","72252"
"BAYER HEALTHCARE","00026"
"EPIZYME INC","72607"
"UROGEN PHARMA","72493"
"A-OX WELDING SUPPLY CO, INC.","10297"
"ARDELYX INC","73154"
"XERIS","72065"
"CORIUM","65038"
"MEDUNIK","71770"
"TIANJIN KINGYORK","82094"
"BLUEPRINT MEDICINES","72064"
"HUONS","73293"
"SOLARIS PHARMA CORP","73473"
"ZMI PHARMA","84571"
"TAGI","51224"
"PANGEA","81279"
"AMIVAS","73607"
"BEONE MEDICINES USA","72579"
"ALKERMES INC","65757"
"SEAGEN","51144"
"ROBERTS OXYGEN CO INC","46123"
"RHYTHM","72829"
"INNOGENIX","71247"
"MARIUS","80603"
"OYSTER POINT PHARMA","73521"
"ILMO Products Company","51486"
"THERACOSBIO","82381"
"CHEMOCENTRYX","73556"
"CORMEDIX","72990"
"AVADEL CNS","13551"
"AIR LIQUIDE CANADA INC","74709"
"IDORSIA","80491"
"MEDRX USA","83708"
"AFAXYS","50102"
"PHATHOM","81520"
"AMICI PHARMA","69292"
"EYENOVIA","81046"
"SCIENTURE","83245"
"ORIENT PHARMA","76333"
"KINDOS","40033"
"ZHEJIANG POLY PHARM","72673"
"ORPHALAN","81802"
"FIDELITY BIOPHARMA","82919"
"GENERAL AIR SERVICE & SUPPLY COMPANY","21220"
"BRIDGEBIO PHARMA","82228"
"MIDDLESEX GASES TECHNOLOGIES, INC.","63961"
"EVITA SOLUTIONS","84670"
"GUERBET","67684"
"SQ INNOVATION","81137"
"ABSOLUTE AIR, LLC","82666"
"TARSUS","81942"
"GERON","82959"
"SOLUBIOMIX","69499"
"PHATHOM PHARMACEUTICALS INC","81520"
"SHORLA ONCOLOGY","81927"
"H2-PHARMA","61269"
"KALVISTA","82928"
"HAUN SPECIALTY GASES INC","14961"
"TELIX INNOVATIONS","84552"
"WSM SUPPLIER LLC","84120"
"WELDERS SUPPLY COMPANY OF LOUISVILLE INC","84078"
"GENERAL DISTRIBUTING COMPANY","10451"
"BIOGEN","59627"
"TEVA RESPIRATORY LLC","59310"
"EVOLUS INC","72301"
"CHIESI USA INC","10122"
"SERVIER PHARMA LLC","72694"
"STEMLINE THERAPEUTICS INC","72187"
"TANVEX BIOPHARMA USA INC","72374"
"REVANCE THERAPEUTICS, INC.","72960"
"DAIICHI SANKYO","65597"
"VIELA BIO","72677"
"MACROGENICS INC","74527"
"Y-MABS THERAPEUTICS INC","73042"
"RIDGEBACK BIOTHERAPEUTICS","80673"
"BIOCON BIOLOGICS INC","83257"
"PROVENTION BIO INC","73650"
"BIO-THERA SOLUTIONS LTD","82143"
"HUGEL INC","81165"
"TG THERAPEUTICS, INC","73150"
"BOEHRINGER INGELHEIM PHARMACEUTICALS INC","00597"
"IMMUNOGEN INC","72903"
"GENMAB US, INC.","82705"
"SANOFI-AVENTIS U.S. LLC","00024"
"ACCORD BIOPHARMA INC.","69448"
"CSL BEHRING LLC","00053"
"FRESENIUS KABI USA LLC","63323"
"HIKMA PHARMACEUTICALS USA INC","00054"
"MYLAN PHARMS INC","00378"
"LUNDBECK PHARMS LLC","67386"
"BAUSCH","00187"
"VEROSCIENCE",NA
"NUVO PHARMS INC",NA
"FOUGERA PHARMS","00168"
"CHEMISCH FBRK KRSSLR",NA
"PHARMOBEDIENT",NA
"GLAXO GRP LTD",NA
"VIATRIS","00037"
"ASTRAZENECA AB","00186"
"SOMERSET","70069"
"THE MEDICINES CO","71705"
"SKYEPHARMA AG",NA
"BAYER HLTHCARE","00026"
"BIOVAIL LABS INTL",NA
"ENDO OPERATIONS","00254"
"PFIZER INC","00013"
"ASTELLAS","00469"
"NOVEN PHARMS INC","68968"
"ANI PHARMS",NA
"PROF DSPLS",NA
"MENARINI INTL",NA
"EMERGENT","60492"
"3M",NA
"ENDO PHARMS","00254"
"CIPHER PHARMS INC","84635"
"JANSSEN PHARMS","50458"
"GALEN SPECIALTY",NA
"VICURON HOLDINGS",NA
"TEVA","00093"
"COVIS","70515"
"BRISTOL-MYERS",NA
"BAUSCH AND LOMB INC","00187"
"SAGE PRODS","53462"
"ORTHO MCNEIL PHARM",NA
"VALEANT PHARMS",NA
"SB PHARMCO","58400"
"VANTIVE US HLTHCARE","00941"
"LANTHEUS MEDCL","11994"
"CRESCITA THERAP",NA
"CP PHARMS",NA
"OTSUKA","59148"
"SUN PHARMA CANADA",NA
"BAUSCH AND LOMB","00187"
"RISING","16571"
"DEPOMED INC",NA
"GALDERMA LABS LP","00299"
"FUJISAWA HLTHCARE",NA
"SANOFI AVENTIS US","00024"
"CUBIST PHARMS",NA
"TEVA PHARMS INTL","00093"
"EVUS",NA
"TAKEDA PHARMS USA","00944"
"MEDA PHARMS",NA
"BRISTOL MYERS SQUIBB",NA
"SUN PHARM INDUSTRIES","43136"
"TEVA PHARMS","00093"
"MAYNE PHARMA COMMRCL","50261"
"ROMARK",NA
"PF PRISM CV",NA
"WARNER CHILCOTT","69428"
"CHIESI","10122"
"TEVA BRANDED PHARM","00093"
"LEO PHARMA AS","50222"
"APIL",NA
"WYETH PHARMS INC","00005"
"NUVO PHARMS",NA
"DUCHESNAY","55494"
"AVANIR PHARMS","64597"
"SALIX PHARMS","65649"
"BERLEX LABS",NA
"GILEAD","55135"
"RECORDATI RARE","52276"
"SUCAMPO PHARMA LLC",NA
"CHATTEM SANOFI","41167"
"DIALYSIS SUPS",NA
"LAB SALVAT",NA
"CPPI CV",NA
"INA PHARMS",NA
"PFIZER","00013"
"CHEPLAPHARM",NA
"SUN PHARM INDS INC","43136"
"CONCORDIA",NA
"KARO HLTHCARE","84485"
"ADVANZ PHARMA","59212"
"SYNTHON PHARMS","63672"
"JANSSEN PRODS","50458"
"ALCON LABS INC","00065"
"MMT",NA
"NODEN PHARMA",NA
"MSD SUB MERCK","00006"
"FDN CONSUMER","11344"
"SCHERING",NA
"DEPROCO",NA
"WAYLIS THERAP","80725"
"CUMBERLAND PHARMS","66220"
"PHARMACARE","52053"
"WYETH PHARMS","00005"
"KING PFIZER","57955"
"CLINIGEN","76310"
"HISAMITSU PHARM CO","46581"
"DEXCEL PHARMA","64239"
"JAZZ PHARMS","68727"
"VERTICAL PHARMS","68025"
"BTG INTL",NA
"LILLY","00002"
"R-PHARM US LLC","43136"
"DOW PHARM","43136"
"IPSEN PHARMA","15054"
"OSMOTICA PHARM US",NA
"POWDER PHARMS","61388"
"VIIV HLTHCARE","49702"
"FEINSTEIN","13267"
"NYCOMED US INC",NA
"SANOFI","00024"
"MYLAN LABS LTD","00378"
"SEPTODONT HOLDING","00362"
"ASIO HOLDINGS",NA
"CHEPLAPHARM ARZNEIMITTEL GMBH",NA
"BIOMARIN PHARM","68135"
"LONG GROVE PHARMS","81298"
"JANSSEN R AND D","50458"
"VANDA PHARMS INC","43068"
"ALCON PHARMS LTD","00065"
"HIKMA","00054"
"AYTU","23594"
"VALEANT PHARMS INTL",NA
"EURAND PHARMA LTD",NA
"ALCON RES","00065"
"HELSINN HLTHCARE","69639"
"ACTELION","66215"
"ADALVO",NA
"HIKMA INTL PHARMS","00054"
"DORC",NA
"RILEY CONSUMER","82632"
"AUROBINDO PHARMA","59651"
"COLLEGIUM PHARM INC","24510"
"ALTATHERA PHARMS LLC","69724"
"BESINS HLTHCARE",NA
"ALPHARMA PHARMS",NA
"BAXTER HLTHCARE","00338"
"PERRIGO PHARMA INTL","00113"
"CONCORDIA PHARMS INC",NA
"ELI LILLY CO","00002"
"AUROBINDO PHARMA LTD","59651"
"AR HOLDING CO INC",NA
"KOWA CO","66869"
"PHARMAXIS EUROPE",NA
"MERIDIAN MEDCL","11704"
"ZYLA","69344"
"UNITED THERAP","00327"
"JOHNSON JOHNSON VISN","11084"
"JAVELIN PHARMS INC",NA
"GALT PHARMS","61825"
"THERAVANCE INC",NA
"ANGELINI PHARMA",NA
"SUMITOMO PHARMA AM","63402"
"ATHENA","71511"
"AMRING PHARMS",NA
"CIPLA","69097"
"PERSION",NA
"HERON THERAPS INC","47426"
"MALLINCKRODT HOSP","43825"
"GE HLTHCARE INC",NA
"PIRAMAL CRITICAL","24584"
"PIERREL","45146"
"LAB HRA PHARMA",NA
"SEBELA IRELAND LTD","54766"
"PLANO PHARMS",NA
"UPJOHN",NA
"NIH NCI DCTD",NA
"PACIRA PHARMS INC","65250"
"TWI PHARMS",NA
"TRIS PHARMA INC",NA
"SMITHKLINE BEECHAM",NA
"SENTYNL THERAPS INC","42358"
"HORIZON","74683"
"FERRING PHARMS INC","55566"
"AQUESTIVE","10094"
"SPROUT PHARMS","58604"
"SUN PHARM","43136"
"LEGACY PHARMA","68645"
"VIOKACE",NA
"ALEXZA PHARMS",NA
"PHOTOCURE ASA","10511"
"BTCP PHARMA",NA
"MERZ PHARMS","00259"
"SHIRE HUMAN GENETIC",NA
"FRESENIUS MEDCL CARE","18124"
"PH HEALTH","12165"
"JUBILANT CADISTA","45548"
"OXFORD PHARMS","69584"
"AIPING PHARM INC","11788"
"HONG KONG",NA
"MPP PHARMA",NA
"PHARM ASSOC","43136"
"ACCELRX LABS",NA
"PRINSTON INC","76494"
"ANDA REPOSITORY",NA
"ZYDUS PHARMS USA","49315"
"PLIVA",NA
"NOVAST LABS","34908"
"DISCOVERY THERAP",NA
"TEVA PHARMS USA","00093"
"SUN PHARM INDS (IN)","43136"
"AMNEAL PHARM","00115"
"TP ANDA HOLDINGS",NA
"FOSUN PHARMA","72266"
"UPSHER SMITH LABS","00245"
"WEST-WARD PHARM CORP","54832"
"STRIDES PHARMA INTL","42543"
"BEDFORD LABS","23650"
"BRECKENRIDGE PHARM","51991"
"KENTON",NA
"IMPAX LABS INC",NA
"GENUS","64950"
"ZYDUS PHARMS USA INC","49315"
"CHARTWELL","62135"
"MICRO LABS","42571"
"HERITAGE PHARMS LABS","14539"
"TARO",NA
"WRASER PHARMS LLC","66992"
"BOCA PHARMA LLC",NA
"ACTAVIS ELIZABETH","00228"
"CHARTWELL MOLECULAR","62135"
"ACCORD HLTHCARE","16729"
"IMPAX LABS",NA
"AMNEAL PHARMS NY","00115"
"SUN PHARM INDS","43136"
"HERITAGE PHARMA","14539"
"XGEN PHARMS","39822"
"SUN PHARM INDS LTD","43136"
"WOCKHARDT","64679"
"HIKMA PHARMS","00054"
"IPCA LABS LTD","83980"
"EBEWE PHARMA",NA
"PRASCO","66993"
"AMNEAL PHARMS","00115"
"AM REGENT",NA
"WOCKHARDT BIO AG","64679"
"NESHER PHARMS",NA
"INVAGEN PHARMS",NA
"HETERO LABS LTD III","68554"
"RENEW PHARMS","70100"
"SOMERSET THERAPS LLC","70069"
"RANBAXY LABS LTD",NA
"RANBAXY",NA
"AVANTHI INC",NA
"WATSON LABS INC",NA
"NORTHSTAR HLTHCARE","16714"
"PHARMACHEMIE BV",NA
"HERITAGE PHARMS INC","14539"
"BAXTER HLTHCARE CORP","00338"
"INGENUS PHARMS NJ","50742"
"GRANULES","62207"
"MIRROR PHARMS LLC",NA
"LGM PHARMA",NA
"SAGENT PHARMS INC","25021"
"BRECKENRIDGE","51991"
"UNICHEM","29300"
"VINTAGE PHARMS","71223"
"CITRUSPHRMA",NA
"LABS JUVISE","26550"
"B BRAUN","00264"
"TEVA PARENTERAL","00093"
"PRAGMA",NA
"IVAX SUB TEVA PHARMS",NA
"SAMSON MEDCL","20146"
"HQ SPECLT PHARMA",NA
"DR REDDYS LABS SA","43598"
"HERITAGE","14539"
"SCIEGEN PHARMS INC","50228"
"SAPTALIS PHARMS","71656"
"AARXION ANDA HLDING",NA
"ISTITUTO BIO ITA SPA",NA
"HIKMA FARMACEUTICA","00054"
"AUROBINDO","59651"
"ORCHID HLTHCARE",NA
"FACTA FARMA",NA
"CEPHAZONE PHARMA",NA
"ACS DOBFAR",NA
"MEDIMETRIKS PHARMS","43538"
"YUNG SHIN PHARM",NA
"LUPIN PHARMS","27437"
"AUROBINDO PHARMA USA","59651"
"CIPLA LTD","69097"
"EXTROVIS",NA
"ACTAVIS TOTOWA","00228"
"ONESOURCE SPECIALTY","83270"
"ACS DOBFAR SPA",NA
"BEDFORD","23650"
"ABON PHARMS LLC","42239"
"BARR LABS INC",NA
"EUGIA PHARMA SPECLTS","55150"
"ALKEM LABS LTD",NA
"GLAND PHARMA LTD","68083"
"WATSON LABS",NA
"PAR PHARM","43136"
"PERRIGO","00113"
"CSPC OUYI","24075"
"DR REDDYS LABS LTD","43598"
"DASH PHARMS NATCO",NA
"ACTAVIS LABS FL INC","00228"
"BARR",NA
"ACTAVIS MID ATLANTIC","00228"
"INTL MEDICATED",NA
"INGENUS PHARMS LLC","50742"
"MYLAN TECHNOLOGIES","00378"
"HERITAGE PHARMA AVET","14539"
"DR REDDYS","43598"
"NATCO PHARMA","63850"
"DASH PHARMS",NA
"IMPAX PHARMS",NA
"WEST-WARD PHARMS INT","54832"
"NATCO","63850"
"ACELLA PHARMS LLC","42192"
"SENTISS",NA
"RHODES PHARMS","42858"
"SUNSTAR AMERICAS",NA
"DR REDDYS LABS INC","43598"
"ROXANE",NA
"ENCUBE","21922"
"BARR LABS",NA
"TARO PHARM INDS",NA
"ACTAVIS LABS FL","00228"
"AMPHASTAR PHARM","00548"
"WATSON LABS TEVA",NA
"ELITE LABS INC","64850"
"ACTAVIS LABS UT INC","00228"
"COREPHARMA",NA
"ZYDUS PHARMS","49315"
"MERCK KGAA","00006"
"NOSTRUM PHARMS LLC","29033"
"NOVITIUM PHARMA",NA
"VISTA PHARMS","61971"
"PHARMACO",NA
"GRAVITI PHARMS",NA
"THINQ PHARM-CRO PVT",NA
"PERRIGO R AND D","00113"
"LAVIPHARM LABS",NA
"ZYDUS LIFESCIENCES","49315"
"LANDELA PHARM",NA
"FOSUN WANBANG","72266"
"SAGENT PHARMS","25021"
"ZYDUS","49315"
"PLIVA HRVATSKA DOO",NA
"NATCO PHARMA LTD","63850"
"GLENMARK PHARMS INC","68462"
"WOODWARD",NA
"WATSON LABS FLORIDA",NA
"ACME LABS","00924"
"ARCO PHARMS LLC",NA
"EXELA PHARMA SCIENCE","51754"
"AMPHASTAR PHARMS INC","00548"
"GEDEON RICHTER USA",NA
"GLENMARK PHARMS LTD","68462"
"FDC LTD",NA
"TORRENT PHARMS","13668"
"ECR PHARMA",NA
"IVAX PHARMS INC",NA
"CHARTWELL MOLECULES","62135"
"EXELA PHARMA","51754"
"P AND L DEV LLC",NA
"GENPHARM",NA
"PLIVA LACHEMA",NA
"AREVA PHARMS","59923"
"UNIQUE",NA
"DIFGEN PHARMS",NA
"OHM LABS INC","26550"
"IVAX PHARMS",NA
"RUBICON RESEARCH","85612"
"YABAO PHARM","51990"
"GLAXOSMITHKLINE CONS","00173"
"WOCKHARDT LTD","64679"
"SUN PHARMA GLOBAL","43695"
"NEXGEN PHARMA INC",NA
"SANKALP LIFECARE",NA
"NOVEN","68968"
"RATIOPHARM",NA
"MIRROR PHARMS",NA
"MALLINCKRODT","43825"
"PROVIDENT PHARM",NA
"TEYRO LABS","82511"
"PADDOCK LLC",NA
"CARLSBAD","61442"
"ACTAVIS TOTOWA TEVA","00228"
"EMED MEDCL",NA
"PURACAP PHARM","24658"
"PLD ACQUISITIONS","63548"
"IMPAX",NA
"HH AND P",NA
"KUDCO IRELAND",NA
"TARO PHARMS IRELAND",NA
"CR DOUBLE CRANE",NA
"ANCHEN PHARMS",NA
"LUITPOLD",NA
"ORBION PHARMS",NA
"FRESENIUS MEDCL","18124"
"ALTAIRE PHARMS INC","59390"
"INFORLIFE",NA
"INVATECH","57631"
"SVC PHARMA",NA
"MN PHARMS",NA
"ZENNOVA",NA
"INTRA SANA LABS","72060"
"AJENAT PHARMS","82983"
"REDDYS","43598"
"REGCON HOLDINGS",NA
"OTSUKA ICU MEDCL","59148"
"INSYS THERAP",NA
"CYPRESS PHARM","60258"
"FRESENIUS KABI ONCOL","18124"
"HALOCARBON PRODS","12164"
"NOSTRUM LABS INC","29033"
"P AND L",NA
"ADARE PHARMS INC","59917"
"RENATA",NA
"WEST WARD PHARMS","54832"
"MANKIND PHARMA",NA
"MLV",NA
"SYNTHON BV","63672"
"HOSPIRA WORLDWIDE","00409"
"VIWIT PHARM",NA
"APOZEAL PHARMS","83745"
"ALEMBIC","15955"
"ALEMBIC PHARMS LTD","15955"
"ALKEM",NA
"MARKSANS PHARMA","25000"
"AVET LIFESCIENCES",NA
"GLENMARK SPECLT","68462"
"GLAND","68083"
"MEDICAP LABS",NA
"ADAPTIS",NA
"NORVIUM BIOSCIENCE",NA
"SIGMAPHARM LABS LLC","42794"
"INDICUS PHARMA",NA
"ALEMBIC LTD","15955"
"UNICHEM LABS LTD","29300"
"TORRENT PHARMS LLC","13668"
"TORRENT PHARMS LTD","13668"
"TORRENT","13668"
"HISUN PHARM HANGZHOU","42658"
"NOVEL LABS INC","40032"
"PHARMOBEDIENT CNSLTG",NA
"VALEANT PHARMS NORTH",NA
"POINTVIEW HLDINGS",NA
"SQUARE PHARMS","76483"
"BAJAJ","61037"
"VELZEN PHARMA PVT",NA
"MACLEODS PHARMS LTD","33342"
"MYLAN ASI","00378"
"GLENMARK PHARMS","68462"
"CARACO",NA
"ANTIBIOTICE",NA
"BARR LABS DIV TEVA",NA
"SANOCHEMIA CORP USA",NA
"SENORES PHARMS","82012"
"ANNORA PHARMA","71785"
"CYPRESS PHARM INC","60258"
"FRESENIUS KABI","18124"
"NOVAST LABS LTD","34908"
"ASTRAL",NA
"ETHYPHARM",NA
"HAMELN RDS GMBH","70651"
"RK PHARMA",NA
"HENGRUI PHARMA",NA
"PPI-DAC",NA
"ZYDUS HLTHCARE","49315"
"CHINA RESOURCES","58503"
"JUBILANT GENERICS","45548"
"PANACEA","43817"
"LOTUS PHARM CO LTD","76328"
"GENERA PHARMS",NA
"ZAMBON SPA",NA
"TEVA PHARMS USA INC","00093"
"AGILA SPECLTS",NA
"JIANGSU HANSOH PHARM","57884"
"TAMARANG",NA
"MOUNTAIN","60568"
"GATE PHARMS",NA
"KRKA TOVARNA ZDRAVIL",NA
"TWI PHARMS INC",NA
"XELLIA PHARMS APS","70594"
"MISSION PHARMA","00178"
"ZHEJIANG JINGXIN","41366"
"CSPC OUYI PHARM CO","24075"
"SUVEN PHARMS","68022"
"CADILA PHARMS LTD","71209"
"CASI PHARMS INC",NA
"NEOS THERAPS INC","62542"
"ACTAVIS GRP PTC","00228"
"BIOMARIN","68135"
"SHIRE",NA
"HOFFMAN-LA ROCHE",NA
"ALEXION PHARM","25682"
"CENTOCOR ORTHO BIOTECH INC",NA
"IPSEN BIOPHARM LTD","15054"
"DYAX CORP.",NA
"HORIZON PHARMA","74683"
"SICOR BIOTECH",NA
"NOVARTIS PHARMS","00078"
"AUXILIUM PHARMS",NA
"HUMAN GENOME SCIENCES INC.","71356"
"SEATTLE GENETICS","72740"
"CHIESI FARMACEUTICI SPA","10122"
"THROMBOGENICS, INC",NA
"BIOGEN IDEC INC","59627"
"NOVARTIS PHARMS CORP","00078"
"NPS PHARMS INC",NA
"CELLTRION INC","72606"
"HLTHCARE",NA
"ZHEJIANG","41366"
"ELITE LABS","64850"
"NAARI PTE","79929"
"SOFGEN PHARMS",NA
"ARISE",NA
"YILING","69117"
"EXELA HOLDINGS","51754"
"SUNOVION PHARMS INC",NA
"HESP",NA
"FOUGERA PHARMS INC","00168"
"LEADIANT BIOSCI INC","54482"
"EUGIA PHARMA","55150"
"EMCURE PHARMS LTD","14593"
"ACTAVIS GROUP","00228"
"BOSTAL",NA
"ARTHUR GRP","84679"
"AJANTA PHARMA LTD","27241"
"GRACEWAY",NA
"COASTAL PHARMS","42523"
"HOPE PHARMS","60267"
"ARROW INTL",NA
"PHARMADAX INC",NA
"SUPERNUS PHARMS","17772"
"ACERUS PHARMS","42667"
"ALKALOIDA ZRT",NA
"CUBIST PHARMS LLC",NA
"HANSAMED INC",NA
"VERTEX PHARMS","51167"
"JOURNEY","69489"
"MICRO LABS LTD INDIA","42571"
"INVENTIA","49252"
"AVID RADIOPHARMS INC",NA
"CREEKWOOD PHARMS","82619"
"AMARIN PHARMS","52937"
"HEC PHARM","43136"
"SOLIS PHARMS","85185"
"SHREE HARI INTL",NA
"CITIUS PHARMS","52658"
"KINDEVA",NA
"CORCEPT THERAP","76346"
"MYLAN SPECIALITY LP","00378"
"NAPO PHARMS INC","70564"
"HELSINN","69639"
"PFIZER LABS","00013"
"FERA PHARMS LLC","48102"
"SHANDONG XINHUA","35369"
"HOFFMANN LA ROCHE",NA
"HETERO LABS LTD V","68554"
"ACROTECH","72893"
"ROUSES POINT PHARMS",NA
"HQ SPCLT PHARMA",NA
"BEXIMCO PHARMS USA",NA
"AILEX PHARMS LLC","70556"
"APGDI",NA
"ONYX PHARMS AMGEN","76075"
"SHENZHEN TECHDOW","43116"
"ARBOR PHARMS LLC",NA
"CSPC-NBP PHARM","24075"
"PAI HOLDINGS PHARM","00121"
"CATALENT",NA
"LEO LABS","26550"
"CATALYST PHARMS","69616"
"INTL MEDICATION SYS",NA
"RECRO GAINESVILLE",NA
"USV",NA
"OTSUKA PHARM CO LTD","59148"
"ATLAS PHARMS LLC","50699"
"HIKMA PHARM CO LTD","00054"
"AVYXA HOLDINGS","83831"
"INTAS PHARMS USA",NA
"MICRO LABS LTD","42571"
"PERRIGO ISRAEL","00113"
"AIRGAS THERAP","11054"
"TECH ORGANIZED","10702"
"LUNDBECK NA LTD","67386"
"UNIV TX MD ANDERSON",NA
"HORIZON THERAP US","74683"
"NOVO","00169"
"MCPRF",NA
"INVENTIA HLTHCARE","49252"
"QILU PHARM HAINAN","51810"
"DOUGLAS PHARMS",NA
"SOFIE","49609"
"EDENBRIDGE PHARMS","42799"
"KASTLE THERAPS LLC",NA
"BRAINTREE LABS","52268"
"QILU ANTIBIOTICS","51810"
"ABBVIE ENDOCRINE","00032"
"CARDINAL HLTH 414","48815"
"DEXCEL","64239"
"3D IMAGING DRUG",NA
"BRIGHAM WOMENS HOSP","24450"
"LIGAND PHARMS",NA
"SHANGHAI HENGRUI","73557"
"UCLA BIOMEDICAL","76394"
"INDCHEMIE HEALTH",NA
"SYNTHON PHARMS INC","63672"
"PETNET","40028"
"EIRGEN",NA
"NUKEMED",NA
"KREITCHMAN PET CTR","62072"
"WESTMINSTER PHARMS","69367"
"ANTRIM PHARMS LLC",NA
"JUBILANT DRAXIMAGE","45548"
"CALL INC","49908"
"NOVARTIS PHARM","00078"
"AGILE","71671"
"BRISTOL",NA
"MALLINCKRODT INC","43825"
"LABORATOIRE HRA","43014"
"SUNSHINE",NA
"ZHEJIANG HISUN PHARM","41366"
"CADILA","71209"
"PURACAP PHARM LLC","24658"
"SHERTECH LABS LLC",NA
"QILU","51810"
"US ANTIBIOTICS",NA
"NEOS THERAPS","62542"
"THE FEINSTEIN INST","13267"
"BIOMEDCL RES FDN",NA
"WISCONSIN","68093"
"STEVENS J",NA
"BAYER HEALTHCARE PHARMS","00026"
"JANSSEN THERAP","50458"
"TRIPOINT","80705"
"ANACOR PHARMS INC",NA
"DAITO PHARMS CO LTD",NA
"UCSF RODIOPHARM","24275"
"MIDWEST MEDCL","61865"
"REACX PHARMS",NA
"UIHC PET IMAGING","24417"
"DECATUR",NA
"UNIV UTAH CYCLOTRON",NA
"IPCA LABS","83980"
"WA UNIV SCH MED",NA
"NCM USA BRONX LLC","65119"
"JOHNS HOPKINS UNIV","40089"
"MIPS CRF","69587"
"HOT SHOTS NM LLC",NA
"LIAONING CHENGDA",NA
"CENTRAL RADIOPHARM","10221"
"ESSENTIAL ISOTOPES","71677"
"GATOR PHARMS",NA
"BEACH PRODS","00486"
"PROVEPHARM SAS","81284"
"CHEMI SPA",NA
"LIFE MOLECULAR","54828"
"WEST WARD PHARM CORP","54832"
"OSMOTICA PHARM CORP",NA
"KNIGHT THERAPS",NA
"NUVO PHARM",NA
"PTS CONSULTING",NA
"KEY THERAP","63817"
"INNOCOLL",NA
"ASSERTIO SPECLTY","13913"
"DAEWOONG PHARM CO",NA
"LNK INTL INC",NA
"SOVEREIGN PHARMS","58716"
"CAPLIN","65145"
"MYLAN LABS","00378"
"MSN LABS PVT LTD","26550"
"RISING PHARMS","16571"
"SHANDONG","35369"
"ADHERA",NA
"PROVENSIS",NA
"HETERO LABS","68554"
"RESILIA PHARMS","81811"
"CHEMO RESEARCH SL",NA
"CROSSMEDIKA SA",NA
"SECURA","73116"
"MONTEREY PHARMS LLC",NA
"AVET",NA
"GLAXO GRP ENGLAND",NA
"INTERPHARMA PRAHA AS",NA
"GENSCO",NA
"PIERRE","64370"
"PULMOFLOW INC",NA
"INNOPHARMA",NA
"EAGLE PHARMS","42367"
"BDSI",NA
"ANBISON LAB",NA
"AIR LIQUIDE AMERICA SPECIALITY GASES","11853"
"AIR LIQUID INDUSTRIAL US LP","72712"
"AIR LIQUIDE LARGE INDUSTRIES US LP","11853"
"LINDE NORTH AMERICA INC","11324"
"MACHINE & WELDING SUPPLY CO","49575"
"WYNN L MADER, INDUSTRIAL GAS DISTRIBUTORS",NA
"LINDE MERCHANT PRODUCTIONS INC","11324"
"LINDE GAS PUERTO RICO INC","11324"
"SCOTT-GROSS COMPANY",NA
"DUPUY OXYGEN","50554"
"AIR LIQUIDE AMERICA LP","11853"
"AIRGAS MERCHANTS GASES LLC","11054"
"AIRGAS CARBONIC INC","11054"
"PRAXAIR INC",NA
"ASPEN AIR","42914"
"BEIJING YILING","71073"
"KERYX BIOPHARMS",NA
"NAL PHARM","43136"
"PRAXAIR DISTRIBUTION INC",NA
"PRAXAIR DISTRIBUTION MID-ATLANTIC LLC",NA
"NOVA LABS LTD","62484"
"ARMSTRONG PHARMS","17270"
"SHILPA","63759"
"SAWAI USA",NA
"WILSHIRE PHARMS INC","52536"
"PRAXAIR CANADA INC",NA
"ACETYLENE OXYGENE CO",NA
"ALVOGEN PINE BROOK","47781"
"AIR LIQUIDE HEALTHCARE AMERICA CORP","11853"
"BEIJING TIDE PHARM","71073"
"VERTEX PHARMS INC","51167"
"INDOCO","14445"
"SPECTRA MDCL DEVICES","65282"
"DFB ONCOLOGY LTD",NA
"LUOXIN AUROVITAS","81894"
"MEDICINES360",NA
"ROCKWELL MEDICAL INC",NA
"MELINTA THERAP","70842"
"PURACAP LABS BLU","24658"
"SWEDISH ORPHAN","66658"
"VELOXIS PHARMS INC","68992"
"SAREPTA THERAPS INC","60923"
"MYLAN TECH VIATRIS","00378"
"TERSERA","70720"
"OHEMO LIFE","73780"
"NANG KUANG PHARM CO",NA
"HUMANWELL PURACAP","53345"
"ASCENT PHARMS INC","42829"
"SETON PHARMS","13925"
"SALERNO PHARMS",NA
"FRESENIUS","18124"
"AMNEAL PHARMS CO","00115"
"WATSON PHARMS TEVA",NA
"LINDE GAS NORTH AMERICA LLC","11324"
"EMERGE BIOSCIENCE",NA
"BRISTOL-MYERS SQUIBB",NA
"ABHAI LLC",NA
"HATCHTECH",NA
"IBSA INST BIO","71858"
"X-GEN PHARMS INC",NA
"GEN HOSP",NA
"AMERICAN WELDING AND GAS INC","00517"
"SANALUZ",NA
"UMEDICA","60290"
"LINDE GAS EQUIP","11324"
"MDD US",NA
"DEVA HOLDING AS",NA
"VISUM PHARM",NA
"AYANA PHARMA LTD",NA
"ICEUTICA OPERATIONS",NA
"FLAMINGO PHARMS",NA
"ACADIA PHARMS INC","63090"
"INSMED INC","71558"
"CHANGZHOU PHARM","55488"
"HIBROW HLTHCARE",NA
"WES PHARMA INC",NA
"HANGZHOU BINJIANG","60723"
"SHILPA MEDICARE","63759"
"ADAMIS PHARMS CORP",NA
"NOVELGENIX THERAPS",NA
"CROWN LABS INC","00316"
"NEOCUBES PHARMA",NA
"IPSEN","15054"
"RICONPHARMA LLC",NA
"MILLA PHARMS","71357"
"TELIGENT",NA
"HYBIO","14403"
"MSD MERCK CO","00006"
"PLD ACQUISITIONS LLC","63548"
"GALDERMA LABS","00299"
"NORTON WATERFORD",NA
"ALCON","00065"
"HEC PHARM CO LTD","43136"
"EZRA VENTURES",NA
"APRECIA PHARMS","43485"
"NEXTWAVE PHARMS","24478"
"SCILEX PHARMS","69557"
"TAIHO ONCOLOGY","64842"
"IRONWOOD PHARMS INC","52311"
"INTERCEPT PHARMS INC",NA
"ST RENATUS",NA
"MSN",NA
"PUMA BIOTECH","70437"
"BLUE EARTH","14448"
"STRATA MEDICAL INNOVATIONS",NA
"PRIMUS PHARMS","68040"
"ECI PHARMS LLC",NA
"JAZZ PHARMS INC","68727"
"ALCON LABS","00065"
"PHARMACOSMOS","73594"
"METACEL PHARMS LLC","69528"
"TONIX MEDS","70792"
"PENN LIFE","69125"
"ADIENNE SA",NA
"3M HEALTH CARE","12165"
"KAI PHARMS INC",NA
"MEDICURE","25208"
"PORTOLA PHARMS INC",NA
"POHL BOSKAMP",NA
"HOFFMANN-LA ROCHE",NA
"MILLICENT","72495"
"SANOFI-AVENTIS US","00024"
"SUNNY","81738"
"MAIA PHARMS INC","70511"
"MELINTA","70842"
"AVION PHARMS","75854"
"SCINOPHARM TAIWAN",NA
"AMICUS THERAP US","71904"
"NXDC",NA
"FLORIDA","71921"
"SINOTHERAPEUTICS INC",NA
"ZEVRA THERAP","70040"
"PTC THERAP","63817"
"AAA USA INC",NA
"CEDIPROF INC",NA
"RADIUS","70539"
"ACCORD HLTHCARE INC","16729"
"TEVA PHARM","00093"
"VITRUVIAS THERAP","69680"
"LYNE","00374"
"THERAVIA",NA
"QINGDAO BAHEAL PHARM","70247"
"EYEPOINT PHARMS","71879"
"FERRER INTERNACIONAL",NA
"PARATEK PHARMS","71715"
"SCIECURE PHARMA INC",NA
"ULTRATAB LABS INC",NA
"ITALFARMACO SA","11797"
"PHARMAAND","82154"
"MITSUBISHI TANABE","70510"
"BIOCORRX PHARMS",NA
"NEUROCRINE","70370"
"EPI HLTH",NA
"RIGEL PHARMS","71332"
"ALIGNSCIENCE PHARMA",NA
"ACLARIS",NA
"IRONSHORE PHARMS","71376"
"YICHANG HUMANWELL",NA
"EUROHLTH INTL SARL",NA
"BEIJING","71073"
"JAZZ PHARMS THERAP","68727"
"AFT PHARMS US",NA
"CMP DEV LLC","46287"
"INTRA-CELLULAR","72060"
"UNIV TX SW MEDCTR",NA
"INNOCOLL PHARMS",NA
"HANGZHOU ZHONGMEI","60723"
"OMNIVIUM PHARMS","81665"
"PROGENICS PHARMS INC","71258"
"SOLA PHARMS","70512"
"HBT LABS INC","26550"
"DR REDDYS LABS EU","43598"
"XIAMEN LP PHARM CO","71034"
"REMPEX",NA
"PROTEGA PHARMS","81140"
"PIRAMAL","24584"
"CHARTWELL PHARMA","62135"
"LAURUS","42385"
"GENERAL SERVICES & SUPPLY CO","10451"
"SHUANGCHENG",NA
"PURPLE BIOTECH",NA
"CONCORD BIOTECH LTD","68254"
"ACQ PHARMA",NA
"ZHEJIANG NOVUS PHARM","41366"
"JAZZ PHARMS RES","68727"
"SPIL",NA
"GENEYORK PHARMS",NA
"BAUDAX",NA
"MYLAN IRELAND LTD","00378"
"60 DEGREES PHARMS","71475"
"NORDIC GRP","69918"
"CLIVUNEL INC",NA
"LISS AMERICA LLC",NA
"BAUSCH LOMB IRELAND","00187"
"DEXCEL LTD","64239"
"PRAXAIR MEXICO",NA
"MDGH",NA
"ZUREX PHARMA",NA
"ALNYLAM PHARMS INC","71336"
"VANCOCIN ITALIA",NA
"AIZANT","69025"
"TETRAPHASE PHARMS","71773"
"HARMONY","72028"
"AKCEA THERAPS","72126"
"ZHEJIANG JUTAI PHARM","41366"
"NANOMI",NA
"AXSOME MALTA","81968"
"SPH ZHONGXI PHARM",NA
"VKT PHARMA",NA
"ANNORA","71785"
"WINDER LABS LLC","75826"
"IXORA LIFESCIENCE",NA
"SAGE THERAP","53462"
"ACERTIS PHARMS","72989"
"JDP",NA
"CHIA TAI TIANQING","71731"
"CMG PHARM CO LTD","43136"
"ACCORD","16729"
"ALEMBIC GLOBAL","15955"
"NOVADAQ TECH",NA
"AMNEAL IRELAND LTD","00115"
"ESPERION THERAPS INC","72426"
"UNIQUE PHARM",NA
"UNIV ALAHAMA BIRM",NA
"NASPRESS",NA
"RELIANCE LIFE","58458"
"CRISTAL ASU LLC",NA
"UNIV WISCONSIN",NA
"MSN PHARMS INC",NA
"CARWIN PHARM ASSOC","15370"
"RELIANCE LIFE SCI","58458"
"ANDOR PHARMS",NA
"NOVUGEN","82293"
"FOLDRX PHARMS",NA
"CUSTOPHARM INC",NA
"ELITE PHARM SOLUTION","64850"
"AMTA",NA
"PRAXGEN PHARMS",NA
"ZHEJIANG YONGTAI","41366"
"SWISS PHARM","60232"
"NIVAGEN PHARMS INC","75834"
"BRIGHTGENE",NA
"NIPPON SHINYAKU","24509"
"G AND W LABS INC","26550"
"HETERO LABS LTD VI","68554"
"PRAXGEN",NA
"HISAMITSU","46581"
"KARYOPHARM THERAPS","72237"
"UNIVERSAL INDUSTRIAL GASES, INC","49911"
"RAFA LABS LTD","71053"
"SHIELD TX","52410"
"ANDAS 5 HOLDING",NA
"P AND L DEVELOPMENT","49580"
"SHORLA","81927"
"BE PHARMS",NA
"RVL PHARMS",NA
"UNIV CA LOS ANGELES",NA
"UNIV OF CA SAN FRAN",NA
"I3 PHARMS",NA
"OVERSEAS",NA
"TENSHI","72983"
"SK LIFE","54828"
"SHANDONG LUYE","35369"
"AVEO PHARMS","45629"
"FENNEC PHARMS INC","73077"
"COMMAVE THERAP",NA
"TALICIA HOLDINGS",NA
"LIQUIDIA TECH","72964"
"KNACK",NA
"ALTHERA PHARMS",NA
"GLOBAL BLOOD THERAPS","43695"
"CISEN",NA
"TG THERAPS",NA
"TEVA PHARMS INC","00093"
"SARFE PHARMS",NA
"AADI SUB","80803"
"HARMAN FINOCHEM","82638"
"DAITO",NA
"PROPEL PHARMA",NA
"UTOPIC PHARMS",NA
"MC2",NA
"KOWA PHARMS","66869"
"IMPEL PHARMS","77530"
"AET PHARMA",NA
"UNITED RES LABS","00327"
"NOBELPHARMA","73683"
"PD PARTNERS",NA
"NANJING","82972"
"CRYSTAL",NA
"NOVUGEN PHARMA SDN","82293"
"PERRIGO UK FINCO","00113"
"ULTRAGENYX PHARM INC","69794"
"AURINIA","75626"
"A G L WELDING SUPPLY CO INC","10297"
"GUANGDONG SUNHO","71584"
"ASPIRO",NA
"CURIUM","69945"
"GUANGZHOU NOVAKEN","60771"
"ITERUM THERAP","81153"
"DECIPHERA PHARMS","73207"
"VITRUVIAS","69680"
"SCIECURE",NA
"TELIX","74725"
"WUXI","65050"
"STRONGBRIDGE",NA
"CONBA USA",NA
"STERINOVA INC",NA
"ZEALAND PHARMA","80644"
"IMS LTD",NA
"FERTIN PHARMA","63443"
"MSD",NA
"EMERGENT BIODEFENSE","60492"
"PATHEON SOFTGELS","63552"
"LIVZON GRP",NA
"NORWICH",NA
"ARS PHARMS OPERATION",NA
"BIOCON GENERICS","70377"
"KADMON PHARMS LLC","79802"
"LABS FARMS ROVI SA","26550"
"ACER","72542"
"ON TARGET LABS","11673"
"VIFOR INTL","53436"
"ZEVRA DENMARK","70040"
"NE RX PHARMA",NA
"PYROS PHARMS",NA
"CHENGDU","71432"
"APELLIS PHARMS","73606"
"METHODIST","69864"
"OCUVEX THERAP","84826"
"CATALENT PHARMA",NA
"AKEBIA","59922"
"STERISCIENCE","82449"
"BRIGHT","85944"
"GEN ILAC",NA
"HAINAN POLY","14335"
"BIOXCEL","81092"
"BLUE WATER BIOTECH","14448"
"AXSOME","81968"
"KK BCJ-94",NA
"LEXENPHARM",NA
"ZHEJIANG JIUZHOU","41366"
"RUBICON","85612"
"AGEPHA PHARMA FZ","82867"
"SABA ILAC SANAYIVE",NA
"BIOGEN MA","59627"
"MYCOVIA PHARMS","74695"
"MARINUS",NA
"ZENARA",NA
"CALLIDITAS","81749"
"ARCUTIS","80610"
"CHENGDU SHUODE","71432"
"BRACCO","00270"
"LOXO ONCOL","71777"
"HANDA THERAP",NA
"BAMF","81759"
"BROOKS STERISCIENCE","81962"
"ALLECRA THERAPS",NA
"AGIOS PHARMS INC","71334"
"LEXICON PHARMS INC","70183"
"HUMANWELL","53345"
"NEW HEIGHTSRX",NA
"LUYE INNOMIND PHARMA",NA
"TRAVERE","68974"
"ATNAHS PHARMA US","72684"
"GALENICUM HLTH",NA
"HOPEWELL PHARMA","83198"
"KANCHAN HLTHCARE","85742"
"ALEMBIC THERAP","15955"
"I 3 PHARMS",NA
"ASCENDIS PHARMA BONE","73362"
"AMYLYX",NA
"SOLENO THERAP","83860"
"BIOGEN US","59627"
"NANJING KING FRIEND","82972"
"LEPU PHARM","82137"
"ENTASIS THERAP",NA
"FAMYGEN LIFE SCI",NA
"CONTINENTAL CARBONIC PRODUCTS, INC.","64321"
"BEIJING JIALIN","71073"
"AYRMID PHARMA",NA
"SENTISS PHARMA",NA
"AOP HLTH US",NA
"MUNDIPHARMA",NA
"SQUARE PHARMS PLC","76483"
"NANJING DELOVA","82972"
"SPRINGWORKS","82448"
"HARM REDUCTION THERP","82954"
"PHARMING","71274"
"ORASIS PHARMS","83661"
"SATSUMA PHARMS","76978"
"ALEXION PHARMS INC","25682"
"INDIES PHARMA","83032"
"ZHEJIANG XIANJU","41366"
"DEVA HLDING",NA
"COSETTE PHARMS NC","00713"
"JIANGXI KVVIT PHARM","82001"
"B BETTER","21130"
"LENZ THERAP","84226"
"KAMAT",NA
"AM GENOMICS",NA
"PRM PHARMA",NA
"VILIN BIO MED",NA
"XTM CONSULTING",NA
"X4 PHARMS",NA
"ZHUHAI","83513"
"MILLICENT PR","72495"
"EVEREST LIFESCIENCES","83098"
"OWP PHARMS",NA
"SOMERSET THERAP","70069"
"TONIX","70792"
"CORSTASIS THERAP","84388"
"BRILLIAN PHARMA",NA
"ANTHEA PHARMA","83854"
"FORESEE PHARMS",NA
"ROSEMONT PHARMS",NA
"MITCHELL WEDLING SUPPLY","72276"
"VALEANT LUXEMBOURG",NA
"SANOFI SYNTHELABO","00024"
"COHERUS BIOSCIENCES INC","70114"
"SAMSUNG BIOEPIS CO LTD",NA
"ASTRAZENECA UK LTD","00186"
"MYLAN GMBH","00378"
"KASHIV BIOSCIENCES LLC",NA
"DOMPE FARMACEUTICI",NA
"INNATE PHARMA",NA
"NOVIMMUNE S.A.",NA
"ABLYNX NV",NA
"IMMUNOMEDICS INC",NA
"Lundbeck Seattle BioPharmaceuticals, Inc.","67386"
"EVIVE BIOTECHNOLOGY",NA
"HORIZON THERAPEUTICS IRELAND","74683"
"ENDO GLOBAL AESTHETICS LTD","00254"
"SPECTRUM PHARMS","67525"
"MORPHOSYS US INC",NA
"PHARMAESSENTIA CORP","73536"
"ASCENDIS PHARMA ENCOCRINOLOGY DIV A/S","73362"
"PFIZER IRELAND PHARMACEUTICALS","00013"
"ARGENX BV","73475"
"ADC Therapeutics SA","52856"
"CELLTRION","72606"
"IMMUNOCORE LTD","80446"
"AMNEAL PHARMS LLC","00115"
"BEIGENE",NA
"ALVOTECH USA INC",NA
"CELLTRION, INC.","72606"
"FORMYCON AG",NA
"SHANGHAI HENLIUS BIOTECH","73557"
